termination_key,employee_id,dept_code,termination_date,last_working_date,termination_type,termination_reason_code,is_regretted_loss,tenure_at_termination_months,band
1,E000001,01CN000087,2022-05-01,2022-05-01,Voluntary,CAREER_CHANGE,True,53,Band 2
2,E000003,01CN000001,2022-05-01,2022-05-01,Voluntary,RELOCATION,False,18,Band 5
3,E000004,01CN000037,2021-08-01,2021-08-01,Voluntary,COMPENSATION,False,59,Band 4
4,E000009,01CN000057,2023-05-01,2023-05-01,Voluntary,PERFORMANCE,False,41,Band 4
5,E000014,01CN000040,2025-05-01,2025-05-01,Voluntary,CAREER_CHANGE,False,56,Band 6
6,E000015,01CN000073,2024-02-01,2024-02-01,Involuntary,OTHER,True,63,K
7,E000019,01CN000031,2022-10-01,2022-10-01,Voluntary,PERSONAL,False,105,Band 3
8,E000022,01CN000074,2021-07-01,2021-07-01,Involuntary,PERSONAL,True,19,Band 4
9,E000026,01CN000041,2021-08-01,2021-08-01,Involuntary,PERSONAL,False,21,Band 5
10,E000034,01CN000057,2021-07-01,2021-07-01,Involuntary,CAREER_CHANGE,True,43,Band 4
11,E000038,01CN000054,2024-10-01,2024-10-01,Voluntary,RELOCATION,True,53,Band 4
12,E000045,01CN000041,2022-04-01,2022-04-01,Voluntary,PERFORMANCE,False,33,Band 3
13,E000046,01CN000031,2022-01-01,2022-01-01,Voluntary,PERFORMANCE,False,17,Band 4
14,E000052,01CN000010,2025-05-01,2025-05-01,Involuntary,COMPENSATION,True,111,Band 3
15,E000053,01CN000070,2022-11-01,2022-11-01,Voluntary,PERSONAL,False,75,Band 3
16,E000059,01CN000057,2021-07-01,2021-07-01,Voluntary,RELOCATION,False,29,Band 5
17,E000062,01CN000074,2024-10-01,2024-10-01,Voluntary,PERSONAL,False,47,Band 4
18,E000066,01QT000010,2021-06-01,2021-06-01,Voluntary,OTHER,False,7,Band 2
19,E000067,01QT000023,2025-02-01,2025-02-01,Voluntary,PERSONAL,True,113,Band 5
20,E000069,01CN000033,2021-11-01,2021-11-01,Voluntary,PERSONAL,False,19,Band 6
21,E000070,01CN000041,2024-05-01,2024-05-01,Voluntary,CAREER_CHANGE,True,81,K
22,E000072,01QT000010,2022-09-01,2022-09-01,Voluntary,RELOCATION,False,83,Band 3
23,E000077,01CN000010,2024-10-01,2024-10-01,Voluntary,PERFORMANCE,True,147,Band 4
24,E000081,01CN000073,2023-07-01,2023-07-01,Voluntary,COMPENSATION,False,69,Band 3
25,E000087,01CN000028,2021-07-01,2021-07-01,Involuntary,PERFORMANCE,True,18,Band 7
26,E000088,01CN000057,2021-02-01,2021-02-01,Voluntary,RELOCATION,True,24,Band 4
27,E000089,01CN000061,2025-11-01,2025-11-01,Voluntary,PERSONAL,False,120,Band 3
28,E000090,01CN000065,2021-08-01,2021-08-01,Voluntary,RELOCATION,False,26,Band 6
29,E000097,01CN000071,2025-08-01,2025-08-01,Voluntary,CAREER_CHANGE,False,64,Band 2
30,E000098,01CN000057,2021-06-01,2021-06-01,Voluntary,COMPENSATION,True,23,Band 7
31,E000100,01QT000010,2023-05-01,2023-05-01,Voluntary,RELOCATION,True,53,Band 2
32,E000101,01CN000010,2021-07-01,2021-07-01,Voluntary,RELOCATION,True,18,Band 6
33,E000103,01CN000023,2025-10-01,2025-10-01,Voluntary,COMPENSATION,False,79,Band 2
34,E000105,01CN000073,2025-10-01,2025-10-01,Involuntary,OTHER,False,183,Band 4
35,E000107,01CN000057,2021-11-01,2021-11-01,Voluntary,CAREER_CHANGE,True,39,Band 5
36,E000109,01CN000060,2025-12-01,2025-12-01,Involuntary,PERSONAL,True,117,Band 4
37,E000114,01CN000061,2025-03-01,2025-03-01,Voluntary,OTHER,False,80,Band 4
38,E000117,01CN000040,2025-05-01,2025-05-01,Voluntary,CAREER_CHANGE,False,63,Band 4
39,E000118,01CN000023,2022-03-01,2022-03-01,Voluntary,PERFORMANCE,False,24,Band 4
40,E000121,01CN000086,2021-04-01,2021-04-01,Voluntary,RELOCATION,True,24,Band 4
41,E000127,01CN000073,2025-03-01,2025-03-01,Voluntary,CAREER_CHANGE,False,190,Band 4
42,E000128,01CN000025,2023-12-01,2023-12-01,Voluntary,OTHER,True,164,Band 9
43,E000129,01CN000076,2023-08-01,2023-08-01,Involuntary,OTHER,True,55,K
44,E000130,01CN000061,2024-03-01,2024-03-01,Voluntary,RELOCATION,False,50,Band 4
45,E000132,01CN000072,2022-03-01,2022-03-01,Voluntary,OTHER,False,30,Band 4
46,E000133,01QT000005,2023-08-01,2023-08-01,Involuntary,PERFORMANCE,False,56,Band 3
47,E000137,01CN000069,2022-05-01,2022-05-01,Voluntary,PERSONAL,False,35,Band 3
48,E000139,01CN000076,2022-09-01,2022-09-01,Involuntary,OTHER,True,54,Band 6
49,E000140,01CN000025,2021-02-01,2021-02-01,Voluntary,PERFORMANCE,True,18,Band 2
50,E000144,01CN000012,2022-01-01,2022-01-01,Voluntary,COMPENSATION,False,136,Band 2
51,E000145,01CN000085,2023-06-01,2023-06-01,Involuntary,RELOCATION,False,48,Band 4
52,E000150,01QT000022,2021-09-01,2021-09-01,Involuntary,RELOCATION,False,12,Band 4
53,E000153,01CN000020,2021-04-01,2021-04-01,Voluntary,PERSONAL,True,27,Band 4
54,E000154,01CN000012,2022-09-01,2022-09-01,Voluntary,PERSONAL,False,206,Band 3
55,E000155,01CN000031,2021-07-01,2021-07-01,Voluntary,PERSONAL,False,101,Band 4
56,E000156,01CN000079,2021-05-01,2021-05-01,Voluntary,PERFORMANCE,True,8,Band 4
57,E000157,01CN000078,2021-08-01,2021-08-01,Involuntary,OTHER,False,24,Band 4
58,E000159,01CN000065,2021-11-01,2021-11-01,Voluntary,COMPENSATION,False,19,Band 4
59,E000161,01CN000068,2023-05-01,2023-05-01,Involuntary,COMPENSATION,False,35,Band 4
60,E000162,01CN000010,2021-05-01,2021-05-01,Involuntary,PERFORMANCE,False,7,Band 3
61,E000164,01CN000086,2021-06-01,2021-06-01,Involuntary,RELOCATION,True,47,Band 7
62,E000165,01CN000053,2023-07-01,2023-07-01,Voluntary,COMPENSATION,True,46,Band 5
63,E000166,01CN000053,2023-07-01,2023-07-01,Voluntary,OTHER,False,44,Band 5
64,E000168,01QT000013,2022-05-01,2022-05-01,Voluntary,PERFORMANCE,False,34,Band 4
65,E000171,01CN000080,2021-07-01,2021-07-01,Voluntary,PERFORMANCE,False,12,Band 4
66,E000173,01CN000072,2025-10-01,2025-10-01,Voluntary,PERFORMANCE,True,70,Band 4
67,E000175,01QT000012,2022-10-01,2022-10-01,Voluntary,COMPENSATION,False,37,Band 2
68,E000179,01CN000041,2025-02-01,2025-02-01,Voluntary,OTHER,False,80,Band 3
69,E000181,01CN000033,2023-11-01,2023-11-01,Voluntary,COMPENSATION,False,117,Band 4
70,E000184,01CN000028,2021-10-01,2021-10-01,Voluntary,PERSONAL,True,14,Band 4
71,E000186,01CN000001,2021-05-01,2021-05-01,Voluntary,CAREER_CHANGE,False,64,Band 6
72,E000190,01CN000008,2022-03-01,2022-03-01,Voluntary,RELOCATION,True,25,Band 3
73,E000195,01CN000085,2021-10-01,2021-10-01,Voluntary,RELOCATION,False,18,Band 6
74,E000198,01CN000077,2023-06-01,2023-06-01,Voluntary,PERSONAL,False,81,Band 7
75,E000199,01CN000054,2025-04-01,2025-04-01,Voluntary,PERSONAL,False,79,Band 4
76,E000200,01CN000073,2023-11-01,2023-11-01,Voluntary,PERSONAL,True,56,Band 4
77,E000204,01CN000068,2025-02-01,2025-02-01,Voluntary,RELOCATION,False,77,Band 2
78,E000206,01CN000080,2021-07-01,2021-07-01,Involuntary,PERSONAL,True,23,Band 4
79,E000208,01CN000080,2021-09-01,2021-09-01,Involuntary,OTHER,False,25,Band 4
80,E000209,01CN000060,2022-01-01,2022-01-01,Voluntary,PERFORMANCE,False,24,Band 4
81,E000211,01CN000069,2024-10-01,2024-10-01,Voluntary,CAREER_CHANGE,False,49,Band 3
82,E000213,01CN000078,2023-02-01,2023-02-01,Voluntary,CAREER_CHANGE,False,26,Band 5
83,E000214,01CN000042,2025-08-01,2025-08-01,Involuntary,PERFORMANCE,True,137,Band 3
84,E000219,01CN000064,2025-05-01,2025-05-01,Voluntary,COMPENSATION,True,127,Band 6
85,E000226,01CN000025,2025-01-01,2025-01-01,Voluntary,OTHER,False,61,Band 3
86,E000228,01CN000048,2024-12-01,2024-12-01,Voluntary,OTHER,False,99,Band 5
87,E000230,01CN000040,2023-12-01,2023-12-01,Voluntary,OTHER,False,74,Band 4
88,E000235,01CN000010,2022-02-01,2022-02-01,Voluntary,PERSONAL,False,143,Band 4
89,E000238,01QT000005,2023-01-01,2023-01-01,Voluntary,PERFORMANCE,False,30,Band 3
90,E000240,01CN000037,2022-07-01,2022-07-01,Voluntary,PERSONAL,True,61,Band 4
91,E000241,01CN000003,2021-02-01,2021-02-01,Involuntary,RELOCATION,True,83,Band 3
92,E000242,01CN000028,2025-01-01,2025-01-01,Voluntary,RELOCATION,False,65,Band 5
93,E000243,01CN000008,2025-06-01,2025-06-01,Voluntary,RELOCATION,False,66,Band 3
94,E000247,01CN000022,2023-02-01,2023-02-01,Involuntary,RELOCATION,True,26,Band 3
95,E000254,01CN000085,2023-12-01,2023-12-01,Voluntary,RELOCATION,False,93,Band 4
96,E000256,01CN000057,2022-06-01,2022-06-01,Voluntary,COMPENSATION,True,49,Band 4
97,E000260,01CN000069,2025-10-01,2025-10-01,Voluntary,RELOCATION,False,60,Band 3
98,E000262,01CN000054,2023-06-01,2023-06-01,Voluntary,RELOCATION,False,125,Band 5
99,E000264,01QT000010,2025-03-01,2025-03-01,Voluntary,PERSONAL,False,105,Band 5
100,E000269,01CN000076,2021-09-01,2021-09-01,Voluntary,PERSONAL,False,35,Band 3
101,E000274,01CN000002,2025-05-01,2025-05-01,Voluntary,CAREER_CHANGE,False,101,Band 3
102,E000275,01QT000018,2024-04-01,2024-04-01,Voluntary,PERFORMANCE,False,183,Band 3
103,E000278,01CN000079,2023-07-01,2023-07-01,Voluntary,OTHER,False,78,Band 4
104,E000280,01CN000070,2023-01-01,2023-01-01,Voluntary,COMPENSATION,True,47,Band 4
105,E000282,01CN000078,2021-06-01,2021-06-01,Voluntary,OTHER,False,16,K
106,E000284,01CN000033,2024-05-01,2024-05-01,Voluntary,OTHER,False,97,Band 4
107,E000288,01QT000005,2021-11-01,2021-11-01,Voluntary,PERFORMANCE,False,12,Band 3
108,E000295,01CN000020,2022-04-01,2022-04-01,Voluntary,PERSONAL,False,32,Band 3
109,E000296,01CN000062,2021-03-01,2021-03-01,Involuntary,PERFORMANCE,False,145,Band 2
110,E000297,01CN000027,2023-04-01,2023-04-01,Involuntary,COMPENSATION,False,38,Band 3
111,E000299,01CN000061,2021-09-01,2021-09-01,Involuntary,PERFORMANCE,True,12,Band 2
112,E000300,01QT000005,2021-10-01,2021-10-01,Voluntary,OTHER,False,62,Band 5
113,E000302,01CN000040,2021-03-01,2021-03-01,Voluntary,OTHER,True,131,Band 4
114,E000306,01CN000008,2023-11-01,2023-11-01,Involuntary,RELOCATION,True,56,Band 4
115,E000308,01CN000076,2022-01-01,2022-01-01,Voluntary,PERSONAL,True,45,Band 2
116,E000311,01CN000079,2022-02-01,2022-02-01,Involuntary,RELOCATION,True,18,Band 3
117,E000315,01CN000013,2024-01-01,2024-01-01,Involuntary,PERSONAL,False,51,Band 6
118,E000316,01CN000065,2023-05-01,2023-05-01,Involuntary,RELOCATION,True,116,Band 5
119,E000318,01CN000001,2021-04-01,2021-04-01,Voluntary,CAREER_CHANGE,True,30,Band 5
120,E000325,01CN000057,2023-10-01,2023-10-01,Voluntary,PERSONAL,False,39,Band 3
121,E000327,01CN000006,2024-07-01,2024-07-01,Involuntary,RELOCATION,False,66,Band 4
122,E000330,01CN000076,2021-07-01,2021-07-01,Voluntary,PERFORMANCE,False,21,K
123,E000332,01CN000027,2022-10-01,2022-10-01,Voluntary,PERSONAL,False,36,Band 3
124,E000336,01CN000023,2024-10-01,2024-10-01,Voluntary,OTHER,True,82,Band 2
125,E000337,01CN000003,2025-07-01,2025-07-01,Voluntary,RELOCATION,False,143,Band 4
126,E000338,01QT000016,2021-08-01,2021-08-01,Voluntary,PERSONAL,True,25,Band 2
127,E000339,01CN000074,2023-09-01,2023-09-01,Voluntary,COMPENSATION,True,99,Band 2
128,E000343,01CN000033,2022-10-01,2022-10-01,Voluntary,RELOCATION,True,54,Band 2
129,E000344,01QT000018,2022-02-01,2022-02-01,Voluntary,COMPENSATION,False,26,Band 9
130,E000345,01CN000074,2021-04-01,2021-04-01,Voluntary,CAREER_CHANGE,True,50,Band 5
131,E000350,01QT000007,2021-09-01,2021-09-01,Voluntary,CAREER_CHANGE,True,27,Band 2
132,E000351,01CN000020,2023-03-01,2023-03-01,Voluntary,COMPENSATION,True,76,Band 3
133,E000352,01CN000058,2024-11-01,2024-11-01,Voluntary,COMPENSATION,False,63,Band 3
134,E000355,01CN000065,2024-02-01,2024-02-01,Voluntary,OTHER,True,38,Band 2
135,E000357,01CN000072,2025-05-01,2025-05-01,Voluntary,RELOCATION,True,74,Band 4
136,E000358,01CN000027,2021-03-01,2021-03-01,Voluntary,PERSONAL,True,47,Band 2
137,E000359,01CN000057,2022-07-01,2022-07-01,Voluntary,CAREER_CHANGE,False,21,K
138,E000362,01CN000080,2021-09-01,2021-09-01,Involuntary,PERSONAL,False,135,Band 4
139,E000364,01CN000084,2022-02-01,2022-02-01,Voluntary,OTHER,False,29,Band 6
140,E000370,01QT000005,2025-11-01,2025-11-01,Voluntary,CAREER_CHANGE,False,100,Band 5
141,E000372,01QT000023,2022-02-01,2022-02-01,Voluntary,COMPENSATION,False,15,Band 2
142,E000373,01CN000069,2021-03-01,2021-03-01,Voluntary,CAREER_CHANGE,True,22,Band 4
143,E000376,01CN000033,2022-06-01,2022-06-01,Voluntary,RELOCATION,False,38,Band 2
144,E000378,01CN000085,2021-08-01,2021-08-01,Involuntary,OTHER,False,19,Band 3
145,E000379,01CN000069,2022-08-01,2022-08-01,Voluntary,RELOCATION,False,21,Band 3
146,E000380,01CN000027,2021-11-01,2021-11-01,Voluntary,COMPENSATION,False,11,Band 3
147,E000381,01CN000006,2021-08-01,2021-08-01,Voluntary,COMPENSATION,False,18,Band 3
148,E000382,01CN000079,2022-03-01,2022-03-01,Voluntary,PERFORMANCE,True,18,Band 3
149,E000383,01CN000028,2024-10-01,2024-10-01,Voluntary,CAREER_CHANGE,False,57,Band 6
150,E000386,01CN000059,2022-08-01,2022-08-01,Voluntary,COMPENSATION,False,38,Band 3
151,E000387,01CN000074,2022-12-01,2022-12-01,Voluntary,RELOCATION,True,30,Band 3
152,E000389,01CN000022,2021-03-01,2021-03-01,Involuntary,COMPENSATION,True,111,Band 6
153,E000390,01CN000083,2023-01-01,2023-01-01,Involuntary,OTHER,False,102,Band 4
154,E000391,01CN000057,2022-01-01,2022-01-01,Voluntary,CAREER_CHANGE,False,29,Band 4
155,E000393,01CN000040,2023-04-01,2023-04-01,Voluntary,RELOCATION,False,89,Band 3
156,E000394,01CN000027,2025-05-01,2025-05-01,Voluntary,PERFORMANCE,False,75,Band 4
157,E000396,01CN000072,2022-07-01,2022-07-01,Involuntary,PERFORMANCE,False,37,Band 3
158,E000397,01CN000029,2021-10-01,2021-10-01,Involuntary,PERSONAL,True,68,Band 5
159,E000399,01CN000071,2025-07-01,2025-07-01,Voluntary,COMPENSATION,False,132,Band 4
160,E000400,01CN000033,2022-02-01,2022-02-01,Voluntary,COMPENSATION,False,16,Band 4
161,E000402,01CN000086,2021-05-01,2021-05-01,Voluntary,CAREER_CHANGE,False,21,Band 3
162,E000403,01CN000057,2021-08-01,2021-08-01,Voluntary,COMPENSATION,True,91,Band 4
163,E000404,01CN000059,2024-09-01,2024-09-01,Voluntary,PERSONAL,False,47,Band 4
164,E000405,01CN000041,2021-04-01,2021-04-01,Voluntary,PERFORMANCE,False,13,Band 4
165,E000406,01CN000085,2024-01-01,2024-01-01,Voluntary,CAREER_CHANGE,False,69,Band 3
166,E000408,01CN000064,2021-06-01,2021-06-01,Involuntary,COMPENSATION,False,30,Band 4
167,E000409,01CN000010,2025-11-01,2025-11-01,Voluntary,CAREER_CHANGE,True,59,Band 3
168,E000410,01CN000022,2024-11-01,2024-11-01,Voluntary,PERFORMANCE,False,121,Band 4
169,E000411,01CN000085,2022-11-01,2022-11-01,Voluntary,PERSONAL,True,40,Band 3
170,E000413,01CN000013,2025-07-01,2025-07-01,Involuntary,PERSONAL,False,65,Band 4
171,E000418,01CN000042,2023-02-01,2023-02-01,Voluntary,RELOCATION,False,94,Band 6
172,E000419,01CN000069,2024-06-01,2024-06-01,Involuntary,OTHER,True,60,Band 4
173,E000421,01CN000068,2021-08-01,2021-08-01,Voluntary,PERSONAL,False,9,Band 5
174,E000425,01CN000006,2025-06-01,2025-06-01,Voluntary,PERSONAL,False,58,K
175,E000428,01CN000072,2021-12-01,2021-12-01,Voluntary,COMPENSATION,True,25,Band 4
176,E000430,01CN000057,2023-06-01,2023-06-01,Voluntary,COMPENSATION,False,62,Band 5
177,E000431,01CN000003,2021-05-01,2021-05-01,Voluntary,PERFORMANCE,False,24,Band 6
178,E000432,01CN000002,2021-03-01,2021-03-01,Voluntary,PERSONAL,True,35,Band 3
179,E000433,01QT000017,2023-12-01,2023-12-01,Involuntary,PERSONAL,True,40,Band 3
180,E000442,01CN000020,2021-04-01,2021-04-01,Voluntary,RELOCATION,True,26,Band 4
181,E000444,01QT000017,2022-10-01,2022-10-01,Voluntary,OTHER,False,45,Band 5
182,E000445,01CN000037,2021-02-01,2021-02-01,Voluntary,CAREER_CHANGE,False,2,Band 3
183,E000448,01CN000076,2021-05-01,2021-05-01,Voluntary,PERSONAL,False,10,K
184,E000450,01CN000021,2022-04-01,2022-04-01,Voluntary,PERSONAL,False,35,Band 5
185,E000458,01CN000019,2021-04-01,2021-04-01,Voluntary,OTHER,True,27,Band 4
186,E000459,01CN000063,2021-06-01,2021-06-01,Involuntary,PERSONAL,True,40,Band 6
187,E000460,01CN000067,2021-11-01,2021-11-01,Voluntary,RELOCATION,False,20,Band 4
188,E000461,01CN000001,2022-08-01,2022-08-01,Voluntary,COMPENSATION,False,61,Band 4
189,E000462,01CN000038,2024-06-01,2024-06-01,Voluntary,RELOCATION,True,98,Band 4
190,E000463,01CN000034,2025-03-01,2025-03-01,Voluntary,PERSONAL,False,82,Band 3
191,E000464,01CN000073,2022-11-01,2022-11-01,Voluntary,PERFORMANCE,False,41,Band 2
192,E000468,01CN000085,2025-02-01,2025-02-01,Voluntary,CAREER_CHANGE,False,71,K
193,E000470,01CN000061,2025-08-01,2025-08-01,Voluntary,CAREER_CHANGE,False,81,Band 5
194,E000473,01CN000067,2021-11-01,2021-11-01,Voluntary,RELOCATION,False,12,Band 6
195,E000475,01CN000027,2025-08-01,2025-08-01,Voluntary,PERFORMANCE,False,74,Band 4
196,E000476,01QT000008,2022-02-01,2022-02-01,Voluntary,RELOCATION,False,53,Band 2
197,E000477,01QT000008,2023-01-01,2023-01-01,Involuntary,COMPENSATION,True,110,Band 3
198,E000479,01CN000085,2023-11-01,2023-11-01,Voluntary,CAREER_CHANGE,False,36,Band 6
199,E000481,01CN000006,2021-12-01,2021-12-01,Involuntary,COMPENSATION,True,12,Band 3
200,E000483,01QT000002,2024-11-01,2024-11-01,Voluntary,PERSONAL,False,84,K
201,E000484,01CN000038,2022-01-01,2022-01-01,Voluntary,PERSONAL,False,31,Band 5
202,E000487,01CN000085,2023-11-01,2023-11-01,Voluntary,RELOCATION,False,47,Band 3
203,E000488,01CN000009,2024-08-01,2024-08-01,Voluntary,PERFORMANCE,False,67,Band 4
204,E000493,01CN000023,2021-02-01,2021-02-01,Voluntary,CAREER_CHANGE,False,8,Band 3
205,E000494,01CN000070,2021-09-01,2021-09-01,Voluntary,OTHER,False,31,Band 4
206,E000496,01CN000024,2022-03-01,2022-03-01,Voluntary,RELOCATION,False,62,K
207,E000500,01CN000023,2023-07-01,2023-07-01,Voluntary,CAREER_CHANGE,True,31,Band 2
208,E000501,01CN000074,2025-03-01,2025-03-01,Voluntary,CAREER_CHANGE,False,50,K
209,E000502,01CN000001,2021-07-01,2021-07-01,Voluntary,PERFORMANCE,False,6,Band 4
210,E000503,01CN000032,2023-04-01,2023-04-01,Involuntary,COMPENSATION,False,27,Band 5
211,E000504,01QT000018,2021-03-01,2021-03-01,Voluntary,RELOCATION,True,2,Band 3
212,E000505,01CN000067,2021-08-01,2021-08-01,Involuntary,CAREER_CHANGE,False,7,Band 2
213,E000507,01CN000068,2023-10-01,2023-10-01,Voluntary,PERSONAL,False,33,Band 3
214,E000508,01CN000053,2023-07-01,2023-07-01,Voluntary,OTHER,False,30,Band 4
215,E000512,01CN000087,2024-08-01,2024-08-01,Voluntary,COMPENSATION,True,43,Band 3
216,E000514,01CN000041,2023-11-01,2023-11-01,Voluntary,PERFORMANCE,False,34,Band 5
217,E000516,01CN000008,2024-02-01,2024-02-01,Voluntary,PERFORMANCE,False,36,Band 3
218,E000517,01QT000024,2023-02-01,2023-02-01,Voluntary,OTHER,False,24,Band 6
219,E000518,01CN000025,2021-05-01,2021-05-01,Voluntary,RELOCATION,True,3,Band 2
220,E000519,01CN000025,2024-06-01,2024-06-01,Voluntary,COMPENSATION,False,40,Band 8
221,E000520,01QT000002,2022-08-01,2022-08-01,Voluntary,OTHER,True,18,Band 4
222,E000522,01CN000041,2025-01-01,2025-01-01,Voluntary,CAREER_CHANGE,False,47,K
223,E000523,01CN000040,2024-08-01,2024-08-01,Voluntary,RELOCATION,True,42,Band 2
224,E000526,01CN000040,2023-02-01,2023-02-01,Voluntary,OTHER,False,24,Band 4
225,E000527,01CN000070,2022-10-01,2022-10-01,Voluntary,OTHER,True,20,Band 3
226,E000528,01CN000076,2024-01-01,2024-01-01,Voluntary,PERFORMANCE,True,35,K
227,E000529,01CN000048,2023-06-01,2023-06-01,Voluntary,COMPENSATION,False,28,Band 4
228,E000530,01CN000067,2025-02-01,2025-02-01,Involuntary,OTHER,False,48,Band 2
229,E000532,01CN000060,2025-02-01,2025-02-01,Voluntary,PERSONAL,False,47,Band 2
230,E000533,01CN000068,2021-08-01,2021-08-01,Voluntary,OTHER,False,5,Band 5
231,E000534,01CN000020,2024-03-01,2024-03-01,Voluntary,CAREER_CHANGE,False,36,Band 3
232,E000536,01QT000010,2021-05-01,2021-05-01,Voluntary,CAREER_CHANGE,True,2,Band 5
233,E000538,01CN000002,2022-06-01,2022-06-01,Voluntary,PERFORMANCE,False,15,Band 2
234,E000539,01CN000009,2021-06-01,2021-06-01,Involuntary,PERFORMANCE,False,3,Band 6
235,E000542,01CN000057,2023-02-01,2023-02-01,Voluntary,OTHER,True,23,Band 7
236,E000543,01CN000072,2021-06-01,2021-06-01,Voluntary,RELOCATION,False,3,Band 3
237,E000544,01CN000027,2023-03-01,2023-03-01,Voluntary,PERFORMANCE,False,24,Band 3
238,E000545,01CN000019,2023-02-01,2023-02-01,Voluntary,RELOCATION,False,23,Band 4
239,E000546,01CN000023,2021-04-01,2021-04-01,Voluntary,COMPENSATION,False,1,Band 4
240,E000547,01CN000003,2021-05-01,2021-05-01,Voluntary,OTHER,True,1,Band 4
241,E000548,01CN000078,2025-03-01,2025-03-01,Voluntary,COMPENSATION,True,47,Band 4
242,E000551,01CN000017,2021-12-01,2021-12-01,Voluntary,COMPENSATION,False,8,Band 6
243,E000554,01CN000085,2022-01-01,2022-01-01,Involuntary,PERSONAL,False,9,Band 4
244,E000555,01QT000010,2021-05-01,2021-05-01,Voluntary,RELOCATION,True,1,Band 6
245,E000557,01CN000071,2022-04-01,2022-04-01,Voluntary,PERSONAL,False,12,Band 5
246,E000558,01CN000080,2022-04-01,2022-04-01,Voluntary,PERSONAL,False,12,Band 2
247,E000563,01CN000022,2025-05-01,2025-05-01,Voluntary,CAREER_CHANGE,True,48,K
248,E000565,01CN000057,2024-11-01,2024-11-01,Voluntary,OTHER,True,42,Band 4
249,E000566,01CN000074,2022-05-01,2022-05-01,Voluntary,PERFORMANCE,True,12,Band 4
250,E000567,01CN000087,2025-04-01,2025-04-01,Voluntary,COMPENSATION,False,47,Band 6
251,E000568,01CN000032,2022-12-01,2022-12-01,Voluntary,PERSONAL,True,19,Band 5
252,E000569,01CN000057,2025-11-01,2025-11-01,Voluntary,OTHER,True,54,Band 3
253,E000571,01CN000017,2021-10-01,2021-10-01,Voluntary,CAREER_CHANGE,True,5,Band 5
254,E000572,01QT000024,2022-05-01,2022-05-01,Voluntary,COMPENSATION,True,12,Band 3
255,E000573,01CN000041,2023-09-01,2023-09-01,Voluntary,PERFORMANCE,True,28,Band 3
256,E000575,01QT000013,2022-11-01,2022-11-01,Voluntary,PERSONAL,False,18,K
257,E000577,01CN000080,2024-03-01,2024-03-01,Voluntary,COMPENSATION,False,34,Band 2
258,E000578,01CN000003,2022-06-01,2022-06-01,Voluntary,PERSONAL,True,13,Band 4
259,E000579,01CN000053,2024-05-01,2024-05-01,Voluntary,COMPENSATION,False,35,Band 5
260,E000581,01CN000006,2024-03-01,2024-03-01,Voluntary,RELOCATION,False,33,Band 3
261,E000587,01CN000017,2022-04-01,2022-04-01,Involuntary,COMPENSATION,False,10,Band 5
262,E000588,01CN000003,2021-11-01,2021-11-01,Voluntary,OTHER,False,5,Band 4
263,E000589,01CN000070,2022-06-01,2022-06-01,Involuntary,OTHER,True,12,Band 2
264,E000592,01CN000083,2022-12-01,2022-12-01,Voluntary,RELOCATION,False,18,Band 4
265,E000595,01CN000040,2022-07-01,2022-07-01,Voluntary,PERFORMANCE,True,12,Band 6
266,E000596,01CN000041,2024-10-01,2024-10-01,Voluntary,PERFORMANCE,True,39,Band 2
267,E000599,01QT000008,2022-03-01,2022-03-01,Voluntary,COMPENSATION,True,8,Band 4
268,E000600,01CN000003,2024-03-01,2024-03-01,Voluntary,CAREER_CHANGE,True,32,Band 2
269,E000603,01CN000070,2021-11-01,2021-11-01,Voluntary,PERSONAL,True,4,Band 4
270,E000604,01CN000080,2021-09-01,2021-09-01,Voluntary,OTHER,False,2,Band 4
271,E000605,01CN000006,2023-12-01,2023-12-01,Voluntary,PERFORMANCE,False,29,Band 6
272,E000606,01CN000044,2022-12-01,2022-12-01,Voluntary,COMPENSATION,False,17,Band 3
273,E000607,01CN000085,2022-06-01,2022-06-01,Voluntary,RELOCATION,True,11,Band 4
274,E000613,01CN000080,2022-07-01,2022-07-01,Voluntary,RELOCATION,False,11,Band 2
275,E000614,01CN000033,2025-09-01,2025-09-01,Voluntary,PERFORMANCE,False,49,K
276,E000616,01CN000025,2024-03-01,2024-03-01,Voluntary,PERFORMANCE,False,31,Band 8
277,E000617,01CN000078,2025-05-01,2025-05-01,Involuntary,COMPENSATION,True,45,Band 2
278,E000619,01CN000053,2021-12-01,2021-12-01,Voluntary,RELOCATION,True,4,Band 6
279,E000620,01CN000067,2022-07-01,2022-07-01,Voluntary,RELOCATION,False,11,Band 6
280,E000622,01CN000087,2024-01-01,2024-01-01,Voluntary,COMPENSATION,False,29,Band 6
281,E000626,01QT000008,2022-06-01,2022-06-01,Voluntary,PERFORMANCE,True,10,Band 3
282,E000628,01CN000076,2024-09-01,2024-09-01,Voluntary,RELOCATION,False,37,Band 5
283,E000629,01CN000084,2025-02-01,2025-02-01,Voluntary,PERFORMANCE,True,41,Band 4
284,E000630,01CN000022,2021-12-01,2021-12-01,Voluntary,PERFORMANCE,True,3,Band 3
285,E000633,01CN000012,2025-09-01,2025-09-01,Involuntary,OTHER,False,48,Band 3
286,E000636,01CN000086,2023-12-01,2023-12-01,Voluntary,PERSONAL,True,27,Band 3
287,E000643,01CN000039,2023-03-01,2023-03-01,Voluntary,PERSONAL,True,18,Band 5
288,E000647,01CN000021,2024-11-01,2024-11-01,Voluntary,PERSONAL,True,37,Band 5
289,E000648,01CN000033,2024-02-01,2024-02-01,Voluntary,CAREER_CHANGE,False,28,Band 4
290,E000649,01CN000013,2022-10-01,2022-10-01,Voluntary,OTHER,False,12,Band 5
291,E000651,01CN000041,2023-09-01,2023-09-01,Voluntary,PERSONAL,False,23,Band 3
292,E000652,01QT000012,2024-09-01,2024-09-01,Involuntary,RELOCATION,True,35,Band 2
293,E000660,01QT000002,2024-08-01,2024-08-01,Voluntary,OTHER,True,34,K
294,E000661,01QT000006,2022-09-01,2022-09-01,Voluntary,PERSONAL,False,11,Band 4
295,E000664,01CN000070,2022-11-01,2022-11-01,Voluntary,RELOCATION,False,12,Band 6
296,E000667,01CN000059,2023-05-01,2023-05-01,Involuntary,COMPENSATION,True,18,Band 4
297,E000668,01CN000069,2022-03-01,2022-03-01,Voluntary,PERSONAL,True,4,Band 6
298,E000670,01CN000037,2025-08-01,2025-08-01,Voluntary,PERSONAL,False,45,Band 4
299,E000671,01QT000015,2025-08-01,2025-08-01,Involuntary,PERFORMANCE,True,45,Band 6
300,E000674,01CN000020,2024-12-01,2024-12-01,Voluntary,CAREER_CHANGE,False,37,Band 6
301,E000680,01CN000040,2024-10-01,2024-10-01,Voluntary,RELOCATION,True,35,Band 4
302,E000682,01CN000048,2022-12-01,2022-12-01,Voluntary,PERSONAL,True,12,Band 6
303,E000688,01CN000069,2025-08-01,2025-08-01,Voluntary,PERSONAL,False,44,Band 4
304,E000692,01QT000018,2022-03-01,2022-03-01,Voluntary,CAREER_CHANGE,True,3,Band 2
305,E000693,01CN000027,2023-01-01,2023-01-01,Voluntary,OTHER,False,13,Band 4
306,E000694,01CN000053,2022-08-01,2022-08-01,Voluntary,PERFORMANCE,False,8,Band 5
307,E000697,01CN000023,2023-01-01,2023-01-01,Voluntary,CAREER_CHANGE,True,13,Band 4
308,E000698,01QT000006,2024-11-01,2024-11-01,Voluntary,COMPENSATION,False,35,Band 3
309,E000700,01CN000071,2024-09-01,2024-09-01,Voluntary,PERSONAL,False,32,Band 5
310,E000703,01CN000057,2025-08-01,2025-08-01,Voluntary,RELOCATION,False,43,Band 6
311,E000704,01QT000008,2022-05-01,2022-05-01,Voluntary,CAREER_CHANGE,True,4,Band 4
312,E000705,01CN000037,2022-05-01,2022-05-01,Voluntary,OTHER,False,4,Band 5
313,E000709,01CN000044,2022-09-01,2022-09-01,Voluntary,CAREER_CHANGE,False,8,Band 4
314,E000710,01QT000011,2022-02-01,2022-02-01,Voluntary,OTHER,False,1,Band 7
315,E000711,01CN000080,2022-05-01,2022-05-01,Voluntary,RELOCATION,True,4,Band 4
316,E000715,01CN000087,2022-08-01,2022-08-01,Voluntary,COMPENSATION,False,7,Band 5
317,E000717,01CN000027,2022-07-01,2022-07-01,Voluntary,COMPENSATION,False,5,Band 3
318,E000718,01CN000010,2023-02-01,2023-02-01,Involuntary,PERFORMANCE,True,12,Band 4
319,E000719,01CN000083,2022-05-01,2022-05-01,Voluntary,PERSONAL,False,3,K
320,E000721,01QT000001,2023-10-01,2023-10-01,Voluntary,CAREER_CHANGE,False,20,Band 7
321,E000724,01QT000024,2022-06-01,2022-06-01,Voluntary,PERSONAL,True,4,Band 4
322,E000731,01CN000085,2025-10-01,2025-10-01,Voluntary,CAREER_CHANGE,False,44,Band 4
323,E000732,01CN000010,2025-12-01,2025-12-01,Voluntary,PERSONAL,False,46,Band 5
324,E000736,01CN000023,2023-09-01,2023-09-01,Voluntary,RELOCATION,True,18,Band 2
325,E000738,01CN000006,2024-08-01,2024-08-01,Voluntary,PERFORMANCE,True,29,Band 4
326,E000741,01CN000079,2023-11-01,2023-11-01,Voluntary,OTHER,False,20,Band 3
327,E000744,01CN000004,2023-03-01,2023-03-01,Voluntary,OTHER,False,12,Band 3
328,E000745,01QT000013,2024-04-01,2024-04-01,Involuntary,PERFORMANCE,True,25,Band 3
329,E000748,01CN000057,2022-12-01,2022-12-01,Voluntary,RELOCATION,False,9,Band 5
330,E000751,01CN000028,2022-08-01,2022-08-01,Voluntary,COMPENSATION,True,5,Band 8
331,E000752,01CN000029,2024-07-01,2024-07-01,Voluntary,PERSONAL,False,28,Band 2
332,E000753,01CN000015,2025-09-01,2025-09-01,Voluntary,CAREER_CHANGE,True,42,Band 2
333,E000759,01CN000001,2022-07-01,2022-07-01,Voluntary,PERFORMANCE,False,3,Band 3
334,E000761,01CN000069,2024-06-01,2024-06-01,Voluntary,RELOCATION,True,26,Band 4
335,E000762,01CN000057,2022-07-01,2022-07-01,Voluntary,PERSONAL,True,3,Band 6
336,E000763,01CN000076,2023-04-01,2023-04-01,Voluntary,PERSONAL,True,12,Band 4
337,E000767,01CN000027,2025-10-01,2025-10-01,Voluntary,PERFORMANCE,False,42,Band 4
338,E000768,01CN000009,2023-11-01,2023-11-01,Voluntary,RELOCATION,False,19,Band 4
339,E000769,01QT000010,2023-08-01,2023-08-01,Voluntary,COMPENSATION,False,16,Band 4
340,E000771,01CN000072,2022-07-01,2022-07-01,Voluntary,CAREER_CHANGE,False,3,Band 4
341,E000772,01CN000060,2023-01-01,2023-01-01,Voluntary,CAREER_CHANGE,True,9,Band 4
342,E000781,01CN000068,2024-10-01,2024-10-01,Voluntary,OTHER,False,29,Band 4
343,E000782,01QT000008,2023-05-01,2023-05-01,Voluntary,OTHER,False,12,Band 5
344,E000786,01CN000083,2025-06-01,2025-06-01,Voluntary,COMPENSATION,False,37,Band 2
345,E000787,01CN000019,2025-06-01,2025-06-01,Voluntary,OTHER,True,37,Band 4
346,E000788,01QT000005,2022-12-01,2022-12-01,Voluntary,PERFORMANCE,False,7,Band 5
347,E000789,01CN000024,2022-12-01,2022-12-01,Voluntary,PERSONAL,False,7,Band 4
348,E000792,01CN000037,2023-12-01,2023-12-01,Voluntary,PERSONAL,False,19,Band 4
349,E000793,01CN000012,2023-06-01,2023-06-01,Voluntary,CAREER_CHANGE,True,12,Band 6
350,E000794,01CN000029,2023-02-01,2023-02-01,Voluntary,COMPENSATION,False,8,Band 4
351,E000797,01CN000037,2025-05-01,2025-05-01,Involuntary,PERSONAL,False,35,Band 4
352,E000798,01QT000023,2024-10-01,2024-10-01,Voluntary,PERFORMANCE,True,28,Band 3
353,E000799,01QT000018,2023-12-01,2023-12-01,Voluntary,COMPENSATION,True,18,Band 8
354,E000800,01CN000029,2024-06-01,2024-06-01,Voluntary,COMPENSATION,True,24,Band 6
355,E000802,01CN000069,2025-04-01,2025-04-01,Voluntary,RELOCATION,True,34,Band 6
356,E000804,01QT000018,2025-11-01,2025-11-01,Voluntary,PERFORMANCE,False,41,Band 2
357,E000805,01CN000022,2025-02-01,2025-02-01,Voluntary,OTHER,True,32,Band 4
358,E000808,01CN000042,2023-12-01,2023-12-01,Voluntary,RELOCATION,False,18,Band 4
359,E000809,01QT000023,2023-03-01,2023-03-01,Voluntary,PERFORMANCE,False,9,Band 4
360,E000813,01CN000015,2024-01-01,2024-01-01,Voluntary,RELOCATION,True,18,Band 3
361,E000818,01CN000017,2024-05-01,2024-05-01,Involuntary,PERSONAL,True,22,Band 2
362,E000819,01CN000062,2025-08-01,2025-08-01,Involuntary,PERFORMANCE,True,37,K
363,E000820,01CN000008,2023-07-01,2023-07-01,Voluntary,RELOCATION,False,12,Band 4
364,E000822,01QT000017,2023-07-01,2023-07-01,Voluntary,RELOCATION,False,12,Band 3
365,E000825,01CN000059,2025-10-01,2025-10-01,Voluntary,PERFORMANCE,False,39,Band 4
366,E000827,01CN000039,2025-09-01,2025-09-01,Voluntary,RELOCATION,False,38,Band 2
367,E000829,01QT000005,2023-08-01,2023-08-01,Voluntary,PERSONAL,True,13,Band 3
368,E000830,01CN000023,2024-03-01,2024-03-01,Voluntary,PERSONAL,True,20,Band 3
369,E000832,01CN000060,2023-11-01,2023-11-01,Voluntary,PERFORMANCE,False,16,K
370,E000835,01CN000031,2023-08-01,2023-08-01,Voluntary,PERSONAL,False,12,Band 6
371,E000836,01CN000034,2023-05-01,2023-05-01,Voluntary,PERSONAL,False,9,Band 2
372,E000838,01CN000074,2025-06-01,2025-06-01,Voluntary,PERFORMANCE,False,34,Band 3
373,E000839,01CN000060,2025-05-01,2025-05-01,Voluntary,COMPENSATION,False,33,Band 4
374,E000841,01CN000081,2023-01-01,2023-01-01,Involuntary,COMPENSATION,False,5,Band 3
375,E000843,01CN000053,2024-10-01,2024-10-01,Voluntary,CAREER_CHANGE,False,26,Band 6
376,E000844,01CN000020,2022-12-01,2022-12-01,Voluntary,PERFORMANCE,False,4,Band 3
377,E000845,01CN000073,2023-08-01,2023-08-01,Voluntary,PERFORMANCE,True,12,Band 4
378,E000849,01CN000064,2024-02-01,2024-02-01,Voluntary,OTHER,True,18,Band 3
379,E000850,01CN000027,2024-04-01,2024-04-01,Involuntary,PERFORMANCE,False,20,Band 3
380,E000852,01CN000079,2022-09-01,2022-09-01,Voluntary,RELOCATION,False,1,K
381,E000855,01CN000010,2025-10-01,2025-10-01,Voluntary,OTHER,True,37,Band 3
382,E000856,01CN000037,2023-06-01,2023-06-01,Voluntary,RELOCATION,True,9,Band 4
383,E000857,01CN000059,2023-08-01,2023-08-01,Voluntary,CAREER_CHANGE,False,11,Band 3
384,E000858,01CN000013,2022-12-01,2022-12-01,Voluntary,CAREER_CHANGE,True,3,Band 2
385,E000859,01CN000044,2025-06-01,2025-06-01,Voluntary,RELOCATION,False,33,Band 3
386,E000864,01CN000008,2023-11-01,2023-11-01,Voluntary,CAREER_CHANGE,False,14,Band 3
387,E000865,01CN000060,2024-12-01,2024-12-01,Voluntary,RELOCATION,True,27,Band 3
388,E000866,01CN000057,2025-01-01,2025-01-01,Voluntary,OTHER,False,28,Band 6
389,E000867,01CN000029,2023-09-01,2023-09-01,Voluntary,OTHER,False,12,Band 5
390,E000870,01CN000010,2023-09-01,2023-09-01,Voluntary,RELOCATION,False,12,Band 6
391,E000871,01CN000002,2024-03-01,2024-03-01,Voluntary,RELOCATION,False,18,Band 5
392,E000873,01QT000005,2024-08-01,2024-08-01,Voluntary,RELOCATION,True,22,Band 5
393,E000878,01CN000061,2023-01-01,2023-01-01,Involuntary,RELOCATION,True,3,Band 4
394,E000880,01CN000031,2024-04-01,2024-04-01,Voluntary,OTHER,False,18,Band 5
395,E000881,01CN000012,2023-08-01,2023-08-01,Voluntary,OTHER,False,10,Band 4
396,E000885,01QT000016,2023-08-01,2023-08-01,Voluntary,PERFORMANCE,False,10,Band 5
397,E000887,01CN000053,2025-10-01,2025-10-01,Voluntary,PERFORMANCE,False,36,Band 5
398,E000889,01CN000024,2023-07-01,2023-07-01,Voluntary,RELOCATION,False,9,Band 4
399,E000890,01CN000076,2025-02-01,2025-02-01,Voluntary,RELOCATION,False,28,Band 4
400,E000892,01CN000057,2023-10-01,2023-10-01,Voluntary,OTHER,False,12,Band 4
401,E000897,01QT000008,2024-02-01,2024-02-01,Voluntary,COMPENSATION,False,15,Band 2
402,E000898,01QT000013,2023-02-01,2023-02-01,Voluntary,OTHER,False,3,Band 6
403,E000901,01CN000019,2023-11-01,2023-11-01,Voluntary,CAREER_CHANGE,True,12,Band 2
404,E000902,01CN000048,2023-01-01,2023-01-01,Voluntary,OTHER,False,2,Band 3
405,E000904,01CN000021,2023-02-01,2023-02-01,Voluntary,PERFORMANCE,False,3,Band 6
406,E000907,01CN000067,2023-06-01,2023-06-01,Voluntary,COMPENSATION,True,7,Band 2
407,E000909,01CN000020,2023-01-01,2023-01-01,Voluntary,RELOCATION,True,2,Band 4
408,E000912,01CN000040,2024-05-01,2024-05-01,Voluntary,RELOCATION,True,18,Band 3
409,E000913,01CN000057,2024-06-01,2024-06-01,Voluntary,RELOCATION,False,19,Band 6
410,E000916,01CN000037,2023-04-01,2023-04-01,Voluntary,RELOCATION,False,4,Band 4
411,E000919,01QT000010,2023-12-01,2023-12-01,Involuntary,CAREER_CHANGE,False,12,Band 3
412,E000921,01CN000057,2025-02-01,2025-02-01,Voluntary,COMPENSATION,True,26,Band 5
413,E000922,01CN000068,2025-10-01,2025-10-01,Voluntary,PERSONAL,False,34,Band 2
414,E000923,01CN000012,2024-02-01,2024-02-01,Voluntary,PERSONAL,False,14,Band 2
415,E000926,01CN000024,2023-06-01,2023-06-01,Involuntary,OTHER,True,6,Band 2
416,E000927,01CN000063,2023-02-01,2023-02-01,Involuntary,RELOCATION,False,2,Band 6
417,E000930,01CN000003,2024-11-01,2024-11-01,Voluntary,PERSONAL,False,23,Band 5
418,E000931,01CN000064,2024-06-01,2024-06-01,Involuntary,PERFORMANCE,True,18,Band 2
419,E000933,01CN000072,2024-12-01,2024-12-01,Voluntary,COMPENSATION,False,24,K
420,E000936,01CN000070,2025-06-01,2025-06-01,Voluntary,COMPENSATION,True,29,Band 4
421,E000937,01CN000019,2025-07-01,2025-07-01,Voluntary,CAREER_CHANGE,False,30,Band 4
422,E000940,01QT000010,2023-11-01,2023-11-01,Voluntary,OTHER,False,10,Band 5
423,E000941,01CN000006,2023-11-01,2023-11-01,Involuntary,OTHER,True,10,Band 3
424,E000943,01QT000010,2024-01-01,2024-01-01,Involuntary,PERFORMANCE,True,12,Band 5
425,E000944,01QT000012,2025-08-01,2025-08-01,Voluntary,COMPENSATION,True,31,Band 5
426,E000945,01CN000057,2023-12-01,2023-12-01,Voluntary,OTHER,False,11,Band 4
427,E000947,01CN000078,2024-12-01,2024-12-01,Voluntary,PERFORMANCE,False,23,Band 5
428,E000950,01CN000068,2024-07-01,2024-07-01,Voluntary,RELOCATION,False,18,Band 3
429,E000951,01CN000002,2023-02-01,2023-02-01,Voluntary,PERFORMANCE,True,1,K
430,E000958,01CN000002,2024-09-01,2024-09-01,Voluntary,PERSONAL,False,19,Band 4
431,E000959,01CN000060,2024-02-01,2024-02-01,Involuntary,PERSONAL,True,12,Band 6
432,E000962,01CN000037,2024-12-01,2024-12-01,Voluntary,PERFORMANCE,True,22,Band 5
433,E000963,01CN000059,2024-12-01,2024-12-01,Voluntary,COMPENSATION,True,22,Band 3
434,E000964,01CN000028,2024-02-01,2024-02-01,Voluntary,OTHER,False,12,Band 5
435,E000970,01CN000083,2023-08-01,2023-08-01,Voluntary,CAREER_CHANGE,True,6,Band 6
436,E000973,01CN000019,2023-12-01,2023-12-01,Voluntary,RELOCATION,False,10,Band 4
437,E000976,01CN000025,2024-02-01,2024-02-01,Voluntary,COMPENSATION,True,12,Band 3
438,E000983,01CN000003,2024-03-01,2024-03-01,Voluntary,CAREER_CHANGE,False,12,Band 4
439,E000984,01CN000041,2025-07-01,2025-07-01,Voluntary,PERSONAL,False,28,Band 3
440,E000987,01CN000006,2024-09-01,2024-09-01,Voluntary,RELOCATION,False,18,Band 3
441,E000988,01CN000062,2025-05-01,2025-05-01,Involuntary,OTHER,False,26,Band 2
442,E000989,01CN000037,2025-10-01,2025-10-01,Voluntary,OTHER,False,31,Band 4
443,E000993,01QT000024,2023-05-01,2023-05-01,Voluntary,PERFORMANCE,False,2,Band 4
444,E000994,01CN000057,2025-02-01,2025-02-01,Voluntary,PERFORMANCE,False,23,Band 4
445,E000996,01CN000041,2025-09-01,2025-09-01,Voluntary,RELOCATION,True,30,Band 3
446,E000997,01CN000028,2024-03-01,2024-03-01,Voluntary,CAREER_CHANGE,False,12,Band 4
447,E000999,01CN000008,2025-01-01,2025-01-01,Voluntary,RELOCATION,False,22,Band 4
448,E001003,01CN000061,2024-11-01,2024-11-01,Voluntary,PERSONAL,False,19,Band 4
449,E001005,01QT000005,2023-09-01,2023-09-01,Voluntary,RELOCATION,True,5,Band 5
450,E001009,01CN000058,2024-04-01,2024-04-01,Voluntary,PERFORMANCE,False,12,Band 3
451,E001015,01CN000009,2023-11-01,2023-11-01,Voluntary,OTHER,True,7,Band 4
452,E001018,01CN000038,2024-04-01,2024-04-01,Voluntary,PERSONAL,True,12,Band 2
453,E001020,01QT000018,2024-03-01,2024-03-01,Involuntary,OTHER,False,11,Band 8
454,E001021,01CN000079,2023-08-01,2023-08-01,Voluntary,PERSONAL,False,4,Band 4
455,E001022,01CN000033,2023-06-01,2023-06-01,Voluntary,PERFORMANCE,False,2,Band 3
456,E001028,01CN000080,2025-03-01,2025-03-01,Voluntary,PERSONAL,False,22,Band 2
457,E001029,01CN000027,2024-05-01,2024-05-01,Voluntary,RELOCATION,False,12,Band 6
458,E001032,01CN000003,2025-12-01,2025-12-01,Voluntary,PERSONAL,False,31,Band 4
459,E001033,01CN000001,2024-12-01,2024-12-01,Voluntary,CAREER_CHANGE,True,19,Band 5
460,E001035,01CN000044,2025-06-01,2025-06-01,Voluntary,PERFORMANCE,False,25,Band 4
461,E001037,01CN000023,2023-09-01,2023-09-01,Involuntary,RELOCATION,True,4,Band 3
462,E001038,01CN000040,2025-02-01,2025-02-01,Voluntary,RELOCATION,True,21,Band 2
463,E001040,01CN000064,2025-06-01,2025-06-01,Voluntary,COMPENSATION,False,25,Band 3
464,E001044,01QT000010,2024-05-01,2024-05-01,Voluntary,RELOCATION,True,12,Band 2
465,E001046,01CN000008,2025-12-01,2025-12-01,Involuntary,OTHER,True,31,Band 6
466,E001052,01CN000022,2025-05-01,2025-05-01,Voluntary,COMPENSATION,True,23,K
467,E001053,01CN000042,2023-12-01,2023-12-01,Voluntary,RELOCATION,False,6,Band 6
468,E001054,01CN000033,2024-09-01,2024-09-01,Voluntary,RELOCATION,True,15,Band 4
469,E001055,01QT000008,2024-12-01,2024-12-01,Involuntary,COMPENSATION,True,18,Band 2
470,E001062,01CN000013,2024-06-01,2024-06-01,Involuntary,RELOCATION,True,12,Band 6
471,E001063,01CN000003,2024-01-01,2024-01-01,Voluntary,CAREER_CHANGE,True,7,Band 4
472,E001065,01QT000013,2025-09-01,2025-09-01,Involuntary,OTHER,True,27,Band 1
473,E001069,01CN000002,2024-01-01,2024-01-01,Voluntary,COMPENSATION,True,7,Band 2
474,E001076,01CN000061,2024-06-01,2024-06-01,Voluntary,PERFORMANCE,True,11,Band 3
475,E001078,01CN000044,2023-10-01,2023-10-01,Voluntary,OTHER,False,3,Band 5
476,E001080,01CN000085,2024-07-01,2024-07-01,Voluntary,PERSONAL,True,12,K
477,E001082,01CN000078,2025-06-01,2025-06-01,Voluntary,COMPENSATION,False,23,Band 5
478,E001086,01CN000001,2024-12-01,2024-12-01,Voluntary,PERSONAL,False,17,Band 6
479,E001092,01CN000059,2023-08-01,2023-08-01,Voluntary,CAREER_CHANGE,False,1,Band 5
480,E001098,01CN000012,2024-08-01,2024-08-01,Voluntary,OTHER,True,12,Band 3
481,E001099,01CN000079,2024-06-01,2024-06-01,Voluntary,PERFORMANCE,True,10,K
482,E001108,01CN000033,2025-05-01,2025-05-01,Involuntary,RELOCATION,True,21,Band 3
483,E001112,01QT000017,2024-08-01,2024-08-01,Involuntary,PERSONAL,True,12,Band 2
484,E001113,01CN000034,2024-12-01,2024-12-01,Voluntary,PERSONAL,False,16,K
485,E001114,01QT000015,2024-06-01,2024-06-01,Voluntary,PERFORMANCE,False,10,Band 6
486,E001120,01QT000016,2024-09-01,2024-09-01,Voluntary,CAREER_CHANGE,False,12,Band 3
487,E001121,01CN000031,2024-01-01,2024-01-01,Voluntary,OTHER,True,4,Band 2
488,E001126,01CN000041,2025-01-01,2025-01-01,Voluntary,CAREER_CHANGE,True,16,K
489,E001130,01CN000022,2024-06-01,2024-06-01,Involuntary,COMPENSATION,False,9,Band 3
490,E001134,01CN000013,2024-11-01,2024-11-01,Involuntary,CAREER_CHANGE,False,14,Band 3
491,E001138,01CN000079,2024-09-01,2024-09-01,Voluntary,PERSONAL,True,12,Band 3
492,E001141,01CN000050,2024-10-01,2024-10-01,Voluntary,COMPENSATION,True,12,Band 5
493,E001143,01CN000054,2024-03-01,2024-03-01,Voluntary,RELOCATION,True,5,Band 4
494,E001145,01QT000010,2024-09-01,2024-09-01,Voluntary,RELOCATION,False,11,Band 3
495,E001147,01CN000072,2024-03-01,2024-03-01,Voluntary,COMPENSATION,False,5,Band 2
496,E001148,01CN000079,2025-08-01,2025-08-01,Voluntary,OTHER,False,22,Band 4
497,E001150,01CN000076,2024-10-01,2024-10-01,Voluntary,CAREER_CHANGE,False,12,Band 2
498,E001152,01CN000040,2025-11-01,2025-11-01,Voluntary,RELOCATION,False,25,K
499,E001153,01CN000023,2024-10-01,2024-10-01,Voluntary,CAREER_CHANGE,False,12,Band 3
500,E001155,01CN000068,2024-05-01,2024-05-01,Voluntary,PERSONAL,False,7,Band 5
501,E001156,01CN000081,2024-08-01,2024-08-01,Voluntary,PERFORMANCE,True,10,Band 3
502,E001157,01CN000073,2024-10-01,2024-10-01,Voluntary,OTHER,False,12,Band 2
503,E001164,01CN000031,2025-09-01,2025-09-01,Voluntary,PERFORMANCE,True,22,Band 2
504,E001168,01QT000007,2025-07-01,2025-07-01,Voluntary,OTHER,False,20,Band 3
505,E001171,01CN000034,2025-08-01,2025-08-01,Voluntary,CAREER_CHANGE,True,21,Band 3
506,E001173,01CN000085,2024-04-01,2024-04-01,Voluntary,RELOCATION,True,5,Band 3
507,E001175,01CN000001,2025-12-01,2025-12-01,Voluntary,COMPENSATION,True,25,Band 3
508,E001177,01CN000060,2024-02-01,2024-02-01,Voluntary,OTHER,True,3,Band 4
509,E001187,01CN000076,2024-11-01,2024-11-01,Involuntary,COMPENSATION,True,12,Band 3
510,E001195,01CN000019,2024-10-01,2024-10-01,Voluntary,COMPENSATION,False,10,Band 3
511,E001199,01CN000031,2025-01-01,2025-01-01,Voluntary,PERSONAL,False,13,Band 2
512,E001200,01CN000085,2025-08-01,2025-08-01,Voluntary,OTHER,True,20,Band 2
513,E001201,01CN000079,2025-06-01,2025-06-01,Voluntary,RELOCATION,True,18,Band 4
514,E001203,01CN000057,2024-12-01,2024-12-01,Voluntary,PERSONAL,True,12,Band 5
515,E001208,01CN000001,2024-03-01,2024-03-01,Voluntary,CAREER_CHANGE,False,3,K
516,E001209,01CN000025,2024-02-01,2024-02-01,Voluntary,CAREER_CHANGE,True,2,Band 8
517,E001210,01CN000041,2024-12-01,2024-12-01,Voluntary,CAREER_CHANGE,True,12,Band 2
518,E001216,01CN000019,2025-04-01,2025-04-01,Voluntary,PERSONAL,False,15,Band 4
519,E001218,01CN000019,2025-07-01,2025-07-01,Voluntary,CAREER_CHANGE,False,18,Band 5
520,E001222,01CN000010,2024-10-01,2024-10-01,Involuntary,PERSONAL,False,9,Band 5
521,E001224,01CN000012,2025-09-01,2025-09-01,Voluntary,PERSONAL,False,20,Band 4
522,E001225,01CN000069,2025-01-01,2025-01-01,Voluntary,CAREER_CHANGE,True,12,Band 2
523,E001230,01QT000002,2025-07-01,2025-07-01,Voluntary,CAREER_CHANGE,False,18,Band 4
524,E001237,01CN000070,2025-02-01,2025-02-01,Voluntary,CAREER_CHANGE,False,12,Band 4
525,E001240,01CN000070,2024-06-01,2024-06-01,Voluntary,CAREER_CHANGE,False,4,Band 4
526,E001242,01CN000031,2025-02-01,2025-02-01,Voluntary,CAREER_CHANGE,True,12,K
527,E001243,01CN000044,2025-10-01,2025-10-01,Voluntary,PERSONAL,True,20,Band 3
528,E001246,01CN000039,2024-09-01,2024-09-01,Voluntary,PERFORMANCE,True,7,Band 3
529,E001247,01CN000040,2025-10-01,2025-10-01,Voluntary,RELOCATION,False,20,K
530,E001251,01CN000084,2025-02-01,2025-02-01,Voluntary,CAREER_CHANGE,False,12,Band 4
531,E001254,01CN000024,2025-02-01,2025-02-01,Voluntary,OTHER,False,12,Band 4
532,E001255,01CN000057,2025-08-01,2025-08-01,Voluntary,COMPENSATION,True,18,Band 6
533,E001277,01CN000042,2024-05-01,2024-05-01,Voluntary,RELOCATION,False,2,Band 4
534,E001281,01CN000057,2025-05-01,2025-05-01,Involuntary,OTHER,False,14,Band 4
535,E001284,01CN000023,2025-03-01,2025-03-01,Voluntary,CAREER_CHANGE,True,12,Band 6
536,E001285,01CN000038,2025-03-01,2025-03-01,Voluntary,COMPENSATION,False,12,K
537,E001289,01CN000064,2025-01-01,2025-01-01,Voluntary,PERFORMANCE,False,9,Band 6
538,E001295,01CN000067,2024-09-01,2024-09-01,Voluntary,COMPENSATION,True,5,Band 3
539,E001296,01CN000042,2025-10-01,2025-10-01,Voluntary,OTHER,True,18,Band 6
540,E001302,01CN000001,2025-05-01,2025-05-01,Voluntary,COMPENSATION,True,13,Band 4
541,E001310,01QT000009,2024-11-01,2024-11-01,Voluntary,PERFORMANCE,True,7,Band 5
542,E001311,01CN000001,2025-02-01,2025-02-01,Involuntary,PERFORMANCE,False,10,Band 3
543,E001314,01CN000080,2025-05-01,2025-05-01,Voluntary,CAREER_CHANGE,False,12,Band 3
544,E001328,01CN000070,2024-06-01,2024-06-01,Voluntary,RELOCATION,False,1,Band 4
545,E001329,01CN000038,2024-12-01,2024-12-01,Voluntary,CAREER_CHANGE,False,7,K
546,E001338,01CN000008,2025-04-01,2025-04-01,Voluntary,PERFORMANCE,False,11,Band 6
547,E001351,01CN000068,2025-12-01,2025-12-01,Involuntary,COMPENSATION,False,18,Band 4
548,E001355,01CN000031,2024-10-01,2024-10-01,Voluntary,PERFORMANCE,False,4,Band 2
549,E001358,01CN000087,2025-01-01,2025-01-01,Voluntary,PERFORMANCE,False,7,Band 2
550,E001361,01CN000057,2024-09-01,2024-09-01,Voluntary,OTHER,False,3,Band 6
551,E001362,01CN000037,2025-06-01,2025-06-01,Voluntary,CAREER_CHANGE,False,12,Band 4
552,E001364,01CN000006,2025-12-01,2025-12-01,Voluntary,PERSONAL,True,18,Band 4
553,E001365,01CN000073,2025-07-01,2025-07-01,Voluntary,PERSONAL,False,12,Band 4
554,E001366,01CN000069,2025-02-01,2025-02-01,Voluntary,COMPENSATION,False,7,Band 3
555,E001369,01CN000061,2025-06-01,2025-06-01,Voluntary,RELOCATION,False,11,Band 4
556,E001371,01CN000031,2025-07-01,2025-07-01,Voluntary,PERFORMANCE,True,12,Band 4
557,E001373,01CN000001,2025-02-01,2025-02-01,Involuntary,PERFORMANCE,True,7,K
558,E001386,01CN000034,2025-11-01,2025-11-01,Voluntary,COMPENSATION,False,16,Band 2
559,E001387,01CN000008,2025-08-01,2025-08-01,Voluntary,COMPENSATION,True,13,Band 3
560,E001392,01CN000070,2025-10-01,2025-10-01,Voluntary,CAREER_CHANGE,True,14,Band 3
561,E001399,01CN000078,2025-01-01,2025-01-01,Voluntary,PERFORMANCE,False,5,Band 5
562,E001402,01CN000022,2024-11-01,2024-11-01,Involuntary,CAREER_CHANGE,True,3,Band 5
563,E001406,01CN000024,2024-11-01,2024-11-01,Voluntary,COMPENSATION,True,3,Band 4
564,E001418,01CN000057,2025-01-01,2025-01-01,Voluntary,OTHER,True,4,Band 5
565,E001420,01CN000032,2025-10-01,2025-10-01,Voluntary,OTHER,True,13,Band 4
566,E001426,01CN000019,2025-09-01,2025-09-01,Voluntary,RELOCATION,False,12,Band 3
567,E001428,01QT000010,2025-02-01,2025-02-01,Involuntary,OTHER,True,5,Band 6
568,E001430,01CN000038,2025-09-01,2025-09-01,Voluntary,CAREER_CHANGE,False,12,Band 3
569,E001431,01CN000083,2024-11-01,2024-11-01,Voluntary,PERSONAL,False,2,Band 3
570,E001437,01CN000006,2025-09-01,2025-09-01,Involuntary,RELOCATION,True,12,Band 2
571,E001438,01CN000015,2024-12-01,2024-12-01,Voluntary,COMPENSATION,True,3,Band 5
572,E001440,01CN000002,2025-09-01,2025-09-01,Involuntary,COMPENSATION,False,12,Band 4
573,E001443,01CN000072,2024-11-01,2024-11-01,Voluntary,PERFORMANCE,False,2,Band 3
574,E001445,01CN000078,2025-11-01,2025-11-01,Involuntary,PERFORMANCE,True,13,Band 5
575,E001461,01CN000057,2024-11-01,2024-11-01,Voluntary,PERSONAL,True,1,Band 5
576,E001465,01CN000024,2025-06-01,2025-06-01,Involuntary,CAREER_CHANGE,True,8,Band 4
577,E001471,01CN000024,2025-10-01,2025-10-01,Voluntary,COMPENSATION,False,12,Band 2
578,E001473,01CN000079,2025-07-01,2025-07-01,Voluntary,OTHER,False,8,Band 4
579,E001475,01CN000068,2025-11-01,2025-11-01,Voluntary,RELOCATION,False,12,Band 5
580,E001480,01QT000017,2025-04-01,2025-04-01,Voluntary,PERSONAL,False,5,Band 4
581,E001484,01QT000010,2025-07-01,2025-07-01,Voluntary,OTHER,False,8,Band 6
582,E001490,01QT000008,2025-11-01,2025-11-01,Voluntary,CAREER_CHANGE,False,12,Band 4
583,E001504,01CN000012,2025-01-01,2025-01-01,Voluntary,PERFORMANCE,False,1,Band 2
584,E001505,01CN000038,2025-12-01,2025-12-01,Voluntary,COMPENSATION,False,12,Band 4
585,E001507,01CN000059,2025-04-01,2025-04-01,Voluntary,CAREER_CHANGE,False,4,Band 4
586,E001516,01CN000071,2025-07-01,2025-07-01,Voluntary,COMPENSATION,False,7,Band 3
587,E001518,01QT000013,2025-11-01,2025-11-01,Voluntary,OTHER,False,11,Band 2
588,E001520,01CN000022,2025-02-01,2025-02-01,Involuntary,RELOCATION,True,2,Band 4
589,E001523,01CN000020,2025-08-01,2025-08-01,Voluntary,CAREER_CHANGE,False,8,Band 2
590,E001524,01CN000081,2025-09-01,2025-09-01,Voluntary,OTHER,True,9,Band 7
591,E001525,01CN000001,2025-06-01,2025-06-01,Voluntary,OTHER,False,6,Band 3
592,E001554,01CN000031,2025-12-01,2025-12-01,Voluntary,CAREER_CHANGE,True,11,Band 3
593,E001563,01CN000040,2025-08-01,2025-08-01,Voluntary,CAREER_CHANGE,False,6,Band 3
594,E001580,01CN000069,2025-07-01,2025-07-01,Voluntary,PERSONAL,True,5,Band 4
595,E001602,01CN000001,2025-06-01,2025-06-01,Voluntary,RELOCATION,True,3,Band 4
596,E001608,01CN000085,2025-07-01,2025-07-01,Voluntary,PERFORMANCE,False,4,K
597,E001627,01CN000069,2025-11-01,2025-11-01,Voluntary,PERSONAL,True,7,Band 4
598,E001632,01CN000057,2025-10-01,2025-10-01,Involuntary,PERSONAL,False,6,Band 5
599,E001633,01CN000061,2025-06-01,2025-06-01,Voluntary,PERFORMANCE,True,2,Band 3
600,E001641,01QT000003,2025-07-01,2025-07-01,Voluntary,CAREER_CHANGE,False,2,Band 3
601,E001660,01CN000085,2025-12-01,2025-12-01,Voluntary,PERFORMANCE,True,7,K
602,E001695,01CN000020,2025-11-01,2025-11-01,Voluntary,PERSONAL,True,5,Band 2
603,E001711,01CN000023,2025-10-01,2025-10-01,Involuntary,OTHER,False,3,Band 4
